7;871;1
7;870;0
7;869;1
7;868;0
7;867;1
7;866;1
7;865;1
7;864;0
7;863;0
7;862;0
7;861;0
7;860;1
7;859;1
7;858;0
7;857;1
7;856;0
7;855;1
7;854;0
7;853;1
7;852;0
7;851;0
7;850;1
7;849;1
7;848;1
7;847;0
7;846;0
7;845;1
7;844;0
7;843;0
7;842;1
7;841;0
7;840;1
7;839;1
7;838;0
7;837;0
7;836;0
7;835;1
7;834;0
7;833;0
7;832;1
7;831;0
7;830;1
7;829;1
7;828;0
7;827;0
7;826;1
7;825;0
7;824;0
7;823;0
7;822;0
7;821;0
7;820;1
7;819;0
7;818;1
7;817;1
7;816;1
7;815;1
7;814;0
7;813;0
7;812;0
7;811;0
7;810;0
7;809;1
7;808;1
7;807;1
7;806;1
7;805;1
7;804;1
7;803;1
7;802;1
7;801;1
7;800;1
7;799;1
7;798;1
7;797;1
7;796;1
7;795;1
7;794;1
7;793;1
7;792;1
7;791;1
7;790;1
7;789;1
7;788;1
7;787;1
7;786;1
7;785;1
7;784;1
7;783;1
7;782;1
7;781;1
7;780;1
7;779;1
7;778;1
7;777;1
7;776;1
7;775;1
7;774;1
7;773;1
7;772;1
7;771;1
7;770;1
7;769;1
7;768;1
7;767;1
7;766;1
7;765;1
7;764;1
7;763;1
7;762;1
7;761;1
7;760;1
7;759;1
7;758;1
7;757;1
7;756;1
7;755;1
7;754;1
7;753;1
7;752;1
7;751;1
7;750;1
7;749;1
7;748;1
7;747;1
7;746;1
7;745;1
7;744;1
7;743;1
7;742;1
7;741;1
7;740;1
7;739;1
7;738;1
7;737;1
7;736;1
7;735;1
7;734;1
7;733;1
7;732;1
7;731;1
7;730;1
7;729;1
7;728;1
7;727;1
7;726;1
7;725;1
7;724;1
7;723;1
7;722;1
7;721;1
7;720;1
7;719;1
7;718;1
7;717;1
7;716;1
7;715;1
7;714;1
7;713;1
7;712;1
7;711;1
7;710;1
7;709;1
7;708;1
7;707;1
7;706;1
7;705;1
7;704;1
7;703;1
7;702;1
7;701;1
7;700;1
7;699;1
7;698;1
7;697;1
7;696;1
7;695;1
7;694;1
7;693;1
7;692;1
7;691;1
7;690;1
7;689;1
7;688;1
7;687;1
7;686;1
7;685;1
7;684;1
7;683;1
7;682;1
7;681;1
7;680;1
7;679;1
7;678;1
7;677;1
7;676;1
7;675;1
7;674;1
7;673;1
7;672;1
7;671;1
7;670;1
7;669;1
7;668;1
7;667;1
7;666;1
7;665;1
7;664;1
7;663;1
7;662;1
7;661;1
7;660;1
7;659;1
7;658;1
7;657;1
7;656;1
7;655;1
7;654;1
7;653;1
7;652;1
7;651;1
7;650;1
7;649;1
7;648;1
7;647;1
7;646;1
7;645;1
7;644;1
7;643;1
7;642;1
7;641;1
7;640;1
7;639;1
7;638;1
7;637;1
7;636;1
7;635;1
7;634;1
7;633;1
7;632;1
7;631;1
7;630;1
7;629;1
7;628;1
7;627;1
7;626;1
7;625;1
7;624;1
7;623;1
7;622;1
7;621;1
7;620;1
7;619;1
7;618;1
7;617;1
7;616;1
7;615;1
7;614;1
7;613;1
7;612;0
7;611;1
7;610;1
7;609;0
7;608;0
7;607;1
7;606;1
7;605;1
7;604;0
7;603;1
7;602;1
7;601;1
7;600;0
7;599;0
7;598;1
7;597;1
7;596;0
7;595;1
7;594;1
7;593;1
7;592;0
7;591;0
7;590;1
7;589;1
7;588;0
7;587;1
7;586;1
7;585;0
7;584;1
7;583;1
7;582;1
7;581;1
7;580;0
7;579;0
7;578;0
7;577;0
7;576;1
7;575;1
7;574;0
7;573;0
7;572;0
7;571;0
7;570;0
7;569;0
7;568;0
7;567;1
7;566;0
7;565;0
7;564;0
7;563;0
7;562;0
7;561;0
7;560;0
7;559;1
7;558;0
7;557;0
7;556;0
7;555;0
7;554;0
7;553;0
7;552;0
7;551;1
7;550;0
7;549;0
7;548;0
7;547;0
7;546;0
7;545;0
7;544;0
7;543;1
7;542;0
7;541;0
7;540;0
7;539;0
7;538;0
7;537;0
7;536;0
7;535;1
7;534;0
7;533;0
7;532;0
7;531;0
7;530;0
7;529;0
7;528;0
7;527;1
7;526;0
7;525;0
7;524;0
7;523;0
7;522;0
7;521;0
7;520;0
7;519;1
7;518;0
7;517;0
7;516;0
7;515;0
7;514;0
7;513;0
7;512;0
7;511;1
7;510;0
7;509;0
7;508;0
7;507;0
7;506;0
7;505;0
7;504;0
7;503;1
7;502;0
7;501;0
7;500;0
7;499;0
7;498;0
7;497;0
7;496;0
7;495;1
7;494;0
7;493;0
7;492;0
7;491;0
7;490;0
7;489;0
7;488;0
7;487;1
7;486;0
7;485;0
7;484;0
7;483;0
7;482;0
7;481;0
7;480;0
7;479;1
7;478;0
7;477;0
7;476;0
7;475;0
7;474;0
7;473;0
7;472;0
7;471;1
7;470;0
7;469;0
7;468;0
7;467;0
7;466;0
7;465;0
7;464;0
7;463;1
7;462;0
7;461;0
7;460;0
7;459;0
7;458;0
7;457;0
7;456;0
7;455;1
7;454;0
7;453;0
7;452;0
7;451;0
7;450;0
7;449;0
7;448;0
7;447;1
7;446;0
7;445;0
7;444;0
7;443;0
7;442;0
7;441;0
7;440;0
7;439;1
7;438;0
7;437;0
7;436;0
7;435;0
7;434;0
7;433;0
7;432;0
7;431;1
7;430;0
7;429;0
7;428;0
7;427;0
7;426;0
7;425;0
7;424;0
7;423;1
7;422;0
7;421;0
7;420;0
7;419;0
7;418;0
7;417;0
7;416;0
7;415;1
7;414;0
7;413;0
7;412;0
7;411;0
7;410;0
7;409;0
7;408;0
7;407;1
7;406;0
7;405;0
7;404;0
7;403;0
7;402;0
7;401;0
7;400;0
7;399;1
7;398;0
7;397;0
7;396;0
7;395;0
7;394;0
7;393;0
7;392;0
7;391;1
7;390;0
7;389;0
7;388;0
7;387;0
7;386;0
7;385;0
7;384;0
7;383;1
7;382;0
7;381;0
7;380;0
7;379;0
7;378;0
7;377;0
7;376;0
7;375;1
7;374;0
7;373;0
7;372;0
7;371;0
7;370;0
7;369;0
7;368;0
7;367;1
7;366;0
7;365;0
7;364;0
7;363;0
7;362;0
7;361;0
7;360;0
7;359;1
7;358;0
7;357;0
7;356;0
7;355;0
7;354;0
7;353;0
7;352;0
7;351;1
7;350;0
7;349;0
7;348;0
7;347;0
7;346;0
7;345;0
7;344;0
7;343;1
7;342;0
7;341;0
7;340;0
7;339;0
7;338;0
7;337;0
7;336;0
7;335;1
7;334;0
7;333;0
7;332;0
7;331;0
7;330;0
7;329;0
7;328;0
7;327;1
7;326;0
7;325;0
7;324;0
7;323;0
7;322;0
7;321;0
7;320;0
7;319;1
7;318;0
7;317;0
7;316;0
7;315;0
7;314;0
7;313;0
7;312;0
7;311;1
7;310;0
7;309;0
7;308;0
7;307;0
7;306;0
7;305;0
7;304;0
7;303;1
7;302;0
7;301;0
7;300;0
7;299;0
7;298;0
7;297;0
7;296;0
7;295;1
7;294;0
7;293;0
7;292;0
7;291;0
7;290;0
7;289;0
7;288;0
7;287;1
7;286;0
7;285;0
7;284;0
7;283;0
7;282;0
7;281;0
7;280;0
7;279;1
7;278;0
7;277;0
7;276;0
7;275;0
7;274;0
7;273;0
7;272;0
7;271;1
7;270;0
7;269;0
7;268;0
7;267;0
7;266;0
7;265;0
7;264;0
7;263;1
7;262;0
7;261;0
7;260;0
7;259;0
7;258;0
7;257;0
7;256;0
7;255;1
7;254;0
7;253;0
7;252;0
7;251;0
7;250;0
7;249;0
7;248;0
7;247;1
7;246;0
7;245;0
7;244;0
7;243;0
7;242;0
7;241;0
7;240;0
7;239;1
7;238;0
7;237;0
7;236;0
7;235;0
7;234;0
7;233;0
7;232;0
7;231;1
7;230;0
7;229;0
7;228;0
7;227;0
7;226;0
7;225;0
7;224;0
7;223;1
7;222;0
7;221;0
7;220;0
7;219;0
7;218;0
7;217;0
7;216;0
7;215;1
7;214;0
7;213;0
7;212;0
7;211;0
7;210;0
7;209;0
7;208;0
7;207;1
7;206;0
7;205;0
7;204;0
7;203;0
7;202;0
7;201;0
7;200;0
7;199;1
7;198;0
7;197;0
7;196;0
7;195;0
7;194;0
7;193;0
7;192;0
7;191;1
7;190;0
7;189;0
7;188;0
7;187;0
7;186;0
7;185;0
7;184;0
7;183;1
7;182;0
7;181;0
7;180;0
7;179;0
7;178;0
7;177;0
7;176;0
7;175;1
7;174;0
7;173;0
7;172;0
7;171;0
7;170;0
7;169;0
7;168;0
7;167;1
7;166;0
7;165;0
7;164;0
7;163;0
7;162;0
7;161;0
7;160;0
7;159;1
7;158;0
7;157;0
7;156;0
7;155;0
7;154;0
7;153;0
7;152;0
7;151;1
7;150;0
7;149;0
7;148;0
7;147;0
7;146;0
7;145;0
7;144;0
7;143;1
7;142;0
7;141;0
7;140;0
7;139;0
7;138;0
7;137;0
7;136;0
7;135;1
7;134;0
7;133;0
7;132;0
7;131;0
7;130;0
7;129;0
7;128;0
7;127;1
7;126;0
7;125;0
7;124;0
7;123;0
7;122;0
7;121;0
7;120;0
7;119;1
7;118;0
7;117;0
7;116;0
7;115;0
7;114;0
7;113;0
7;112;0
7;111;1
7;110;0
7;109;0
7;108;0
7;107;0
7;106;0
7;105;0
7;104;0
7;103;1
7;102;0
7;101;0
7;100;0
7;99;0
7;98;0
7;97;0
7;96;0
7;95;1
7;94;0
7;93;0
7;92;0
7;91;0
7;90;0
7;89;0
7;88;0
7;87;1
7;86;0
7;85;0
7;84;0
7;83;0
7;82;0
7;81;0
7;80;0
7;79;1
7;78;0
7;77;0
7;76;0
7;75;0
7;74;0
7;73;0
7;72;0
7;71;1
7;70;0
7;69;0
7;68;0
7;67;0
7;66;0
7;65;0
7;64;0
7;63;0
7;62;0
7;61;0
7;60;0
7;59;0
7;58;0
7;57;0
7;56;0
7;55;0
7;54;0
7;53;0
7;52;0
7;51;0
7;50;0
7;49;0
7;48;0
7;47;0
7;46;0
7;45;0
7;44;0
7;43;0
7;42;0
7;41;0
7;40;0
7;39;0
7;38;0
7;37;0
7;36;0
7;35;0
7;34;0
7;33;0
7;32;0
7;31;0
7;30;0
7;29;0
7;28;0
7;27;0
7;26;0
7;25;0
7;24;0
7;23;0
7;22;0
7;21;0
7;20;0
7;19;0
7;18;0
7;17;0
7;16;0
7;15;0
7;14;0
7;13;0
7;12;0
7;11;0
7;10;0
7;9;0
7;8;0
7;7;0
7;6;0
7;5;0
7;4;0
7;3;0
7;2;0
7;1;0
7;0;0
6;871;1
6;870;0
6;869;1
6;868;0
6;867;1
6;866;1
6;865;1
6;864;0
6;863;0
6;862;0
6;861;0
6;860;1
6;859;1
6;858;0
6;857;1
6;856;0
6;855;1
6;854;0
6;853;1
6;852;0
6;851;0
6;850;1
6;849;1
6;848;1
6;847;0
6;846;0
6;845;1
6;844;0
6;843;0
6;842;1
6;841;0
6;840;1
6;839;1
6;838;0
6;837;0
6;836;0
6;835;1
6;834;0
6;833;0
6;832;1
6;831;0
6;830;1
6;829;1
6;828;0
6;827;0
6;826;1
6;825;0
6;824;0
6;823;0
6;822;1
6;821;1
6;820;1
6;819;0
6;818;0
6;817;0
6;816;1
6;815;1
6;814;0
6;813;0
6;812;0
6;811;0
6;810;0
6;809;1
6;808;1
6;807;1
6;806;1
6;805;1
6;804;1
6;803;1
6;802;1
6;801;1
6;800;1
6;799;1
6;798;1
6;797;1
6;796;1
6;795;1
6;794;1
6;793;1
6;792;1
6;791;1
6;790;1
6;789;1
6;788;1
6;787;1
6;786;1
6;785;1
6;784;1
6;783;1
6;782;1
6;781;1
6;780;1
6;779;1
6;778;1
6;777;1
6;776;1
6;775;1
6;774;1
6;773;1
6;772;1
6;771;1
6;770;1
6;769;1
6;768;1
6;767;1
6;766;1
6;765;1
6;764;1
6;763;1
6;762;1
6;761;1
6;760;1
6;759;1
6;758;1
6;757;1
6;756;1
6;755;1
6;754;1
6;753;1
6;752;1
6;751;1
6;750;1
6;749;1
6;748;1
6;747;1
6;746;1
6;745;1
6;744;1
6;743;1
6;742;1
6;741;1
6;740;1
6;739;1
6;738;1
6;737;1
6;736;1
6;735;1
6;734;1
6;733;1
6;732;1
6;731;1
6;730;1
6;729;1
6;728;1
6;727;1
6;726;1
6;725;1
6;724;1
6;723;1
6;722;1
6;721;1
6;720;1
6;719;1
6;718;1
6;717;1
6;716;1
6;715;1
6;714;1
6;713;1
6;712;1
6;711;1
6;710;1
6;709;1
6;708;1
6;707;1
6;706;1
6;705;1
6;704;1
6;703;1
6;702;1
6;701;1
6;700;1
6;699;1
6;698;1
6;697;1
6;696;1
6;695;1
6;694;1
6;693;1
6;692;1
6;691;1
6;690;1
6;689;1
6;688;1
6;687;1
6;686;1
6;685;1
6;684;1
6;683;1
6;682;1
6;681;1
6;680;1
6;679;1
6;678;1
6;677;1
6;676;1
6;675;1
6;674;1
6;673;1
6;672;1
6;671;1
6;670;1
6;669;1
6;668;1
6;667;1
6;666;1
6;665;1
6;664;1
6;663;1
6;662;1
6;661;1
6;660;1
6;659;1
6;658;1
6;657;1
6;656;1
6;655;1
6;654;1
6;653;1
6;652;1
6;651;1
6;650;1
6;649;1
6;648;1
6;647;1
6;646;1
6;645;1
6;644;1
6;643;1
6;642;1
6;641;1
6;640;1
6;639;1
6;638;1
6;637;1
6;636;1
6;635;1
6;634;1
6;633;1
6;632;1
6;631;1
6;630;1
6;629;1
6;628;1
6;627;1
6;626;1
6;625;1
6;624;1
6;623;1
6;622;1
6;621;1
6;620;1
6;619;1
6;618;1
6;617;1
6;616;1
6;615;1
6;614;1
6;613;1
6;612;0
6;611;1
6;610;1
6;609;0
6;608;0
6;607;1
6;606;1
6;605;1
6;604;0
6;603;1
6;602;1
6;601;1
6;600;0
6;599;0
6;598;1
6;597;1
6;596;0
6;595;1
6;594;1
6;593;1
6;592;0
6;591;0
6;590;1
6;589;1
6;588;0
6;587;1
6;586;1
6;585;0
6;584;1
6;583;1
6;582;1
6;581;1
6;580;0
6;579;0
6;578;0
6;577;0
6;576;1
6;575;1
6;574;0
6;573;0
6;572;0
6;571;0
6;570;0
6;569;0
6;568;0
6;567;1
6;566;0
6;565;0
6;564;0
6;563;0
6;562;0
6;561;0
6;560;0
6;559;1
6;558;0
6;557;0
6;556;0
6;555;0
6;554;0
6;553;0
6;552;0
6;551;1
6;550;0
6;549;0
6;548;0
6;547;0
6;546;0
6;545;0
6;544;0
6;543;1
6;542;0
6;541;0
6;540;0
6;539;0
6;538;0
6;537;0
6;536;0
6;535;1
6;534;0
6;533;0
6;532;0
6;531;0
6;530;0
6;529;0
6;528;0
6;527;1
6;526;0
6;525;0
6;524;0
6;523;0
6;522;0
6;521;0
6;520;0
6;519;1
6;518;0
6;517;0
6;516;0
6;515;0
6;514;0
6;513;0
6;512;0
6;511;1
6;510;0
6;509;0
6;508;0
6;507;0
6;506;0
6;505;0
6;504;0
6;503;1
6;502;0
6;501;0
6;500;0
6;499;0
6;498;0
6;497;0
6;496;0
6;495;1
6;494;0
6;493;0
6;492;0
6;491;0
6;490;0
6;489;0
6;488;0
6;487;1
6;486;0
6;485;0
6;484;0
6;483;0
6;482;0
6;481;0
6;480;0
6;479;1
6;478;0
6;477;0
6;476;0
6;475;0
6;474;0
6;473;0
6;472;0
6;471;1
6;470;0
6;469;0
6;468;0
6;467;0
6;466;0
6;465;0
6;464;0
6;463;1
6;462;0
6;461;0
6;460;0
6;459;0
6;458;0
6;457;0
6;456;0
6;455;1
6;454;0
6;453;0
6;452;0
6;451;0
6;450;0
6;449;0
6;448;0
6;447;1
6;446;0
6;445;0
6;444;0
6;443;0
6;442;0
6;441;0
6;440;0
6;439;1
6;438;0
6;437;0
6;436;0
6;435;0
6;434;0
6;433;0
6;432;0
6;431;1
6;430;0
6;429;0
6;428;0
6;427;0
6;426;0
6;425;0
6;424;0
6;423;1
6;422;0
6;421;0
6;420;0
6;419;0
6;418;0
6;417;0
6;416;0
6;415;1
6;414;0
6;413;0
6;412;0
6;411;0
6;410;0
6;409;0
6;408;0
6;407;1
6;406;0
6;405;0
6;404;0
6;403;0
6;402;0
6;401;0
6;400;0
6;399;1
6;398;0
6;397;0
6;396;0
6;395;0
6;394;0
6;393;0
6;392;0
6;391;1
6;390;0
6;389;0
6;388;0
6;387;0
6;386;0
6;385;0
6;384;0
6;383;1
6;382;0
6;381;0
6;380;0
6;379;0
6;378;0
6;377;0
6;376;0
6;375;1
6;374;0
6;373;0
6;372;0
6;371;0
6;370;0
6;369;0
6;368;0
6;367;1
6;366;0
6;365;0
6;364;0
6;363;0
6;362;0
6;361;0
6;360;0
6;359;1
6;358;0
6;357;0
6;356;0
6;355;0
6;354;0
6;353;0
6;352;0
6;351;1
6;350;0
6;349;0
6;348;0
6;347;0
6;346;0
6;345;0
6;344;0
6;343;1
6;342;0
6;341;0
6;340;0
6;339;0
6;338;0
6;337;0
6;336;0
6;335;1
6;334;0
6;333;0
6;332;0
6;331;0
6;330;0
6;329;0
6;328;0
6;327;1
6;326;0
6;325;0
6;324;0
6;323;0
6;322;0
6;321;0
6;320;0
6;319;1
6;318;0
6;317;0
6;316;0
6;315;0
6;314;0
6;313;0
6;312;0
6;311;1
6;310;0
6;309;0
6;308;0
6;307;0
6;306;0
6;305;0
6;304;0
6;303;1
6;302;0
6;301;0
6;300;0
6;299;0
6;298;0
6;297;0
6;296;0
6;295;1
6;294;0
6;293;0
6;292;0
6;291;0
6;290;0
6;289;0
6;288;0
6;287;1
6;286;0
6;285;0
6;284;0
6;283;0
6;282;0
6;281;0
6;280;0
6;279;1
6;278;0
6;277;0
6;276;0
6;275;0
6;274;0
6;273;0
6;272;0
6;271;1
6;270;0
6;269;0
6;268;0
6;267;0
6;266;0
6;265;0
6;264;0
6;263;1
6;262;0
6;261;0
6;260;0
6;259;0
6;258;0
6;257;0
6;256;0
6;255;1
6;254;0
6;253;0
6;252;0
6;251;0
6;250;0
6;249;0
6;248;0
6;247;1
6;246;0
6;245;0
6;244;0
6;243;0
6;242;0
6;241;0
6;240;0
6;239;1
6;238;0
6;237;0
6;236;0
6;235;0
6;234;0
6;233;0
6;232;0
6;231;1
6;230;0
6;229;0
6;228;0
6;227;0
6;226;0
6;225;0
6;224;0
6;223;1
6;222;0
6;221;0
6;220;0
6;219;0
6;218;0
6;217;0
6;216;0
6;215;1
6;214;0
6;213;0
6;212;0
6;211;0
6;210;0
6;209;0
6;208;0
6;207;1
6;206;0
6;205;0
6;204;0
6;203;0
6;202;0
6;201;0
6;200;0
6;199;1
6;198;0
6;197;0
6;196;0
6;195;0
6;194;0
6;193;0
6;192;0
6;191;1
6;190;0
6;189;0
6;188;0
6;187;0
6;186;0
6;185;0
6;184;0
6;183;1
6;182;0
6;181;0
6;180;0
6;179;0
6;178;0
6;177;0
6;176;0
6;175;1
6;174;0
6;173;0
6;172;0
6;171;0
6;170;0
6;169;0
6;168;0
6;167;1
6;166;0
6;165;0
6;164;0
6;163;0
6;162;0
6;161;0
6;160;0
6;159;1
6;158;0
6;157;0
6;156;0
6;155;0
6;154;0
6;153;0
6;152;0
6;151;1
6;150;0
6;149;0
6;148;0
6;147;0
6;146;0
6;145;0
6;144;0
6;143;1
6;142;0
6;141;0
6;140;0
6;139;0
6;138;0
6;137;0
6;136;0
6;135;1
6;134;0
6;133;0
6;132;0
6;131;0
6;130;0
6;129;0
6;128;0
6;127;1
6;126;0
6;125;0
6;124;0
6;123;0
6;122;0
6;121;0
6;120;0
6;119;1
6;118;0
6;117;0
6;116;0
6;115;0
6;114;0
6;113;0
6;112;0
6;111;1
6;110;0
6;109;0
6;108;0
6;107;0
6;106;0
6;105;0
6;104;0
6;103;1
6;102;0
6;101;0
6;100;0
6;99;0
6;98;0
6;97;0
6;96;0
6;95;1
6;94;0
6;93;0
6;92;0
6;91;0
6;90;0
6;89;0
6;88;0
6;87;1
6;86;0
6;85;0
6;84;0
6;83;0
6;82;0
6;81;0
6;80;0
6;79;1
6;78;0
6;77;0
6;76;0
6;75;0
6;74;0
6;73;0
6;72;0
6;71;1
6;70;0
6;69;0
6;68;0
6;67;0
6;66;0
6;65;0
6;64;0
6;63;0
6;62;0
6;61;0
6;60;0
6;59;0
6;58;0
6;57;0
6;56;0
6;55;0
6;54;0
6;53;0
6;52;0
6;51;0
6;50;0
6;49;0
6;48;0
6;47;0
6;46;0
6;45;0
6;44;0
6;43;0
6;42;0
6;41;0
6;40;0
6;39;0
6;38;0
6;37;0
6;36;0
6;35;0
6;34;0
6;33;0
6;32;0
6;31;0
6;30;0
6;29;0
6;28;0
6;27;0
6;26;0
6;25;0
6;24;0
6;23;0
6;22;0
6;21;0
6;20;0
6;19;0
6;18;0
6;17;0
6;16;0
6;15;0
6;14;0
6;13;0
6;12;0
6;11;0
6;10;0
6;9;0
6;8;0
6;7;0
6;6;0
6;5;0
6;4;0
6;3;0
6;2;0
6;1;0
6;0;0
5;871;1
5;870;0
5;869;1
5;868;0
5;867;1
5;866;1
5;865;1
5;864;0
5;863;0
5;862;0
5;861;0
5;860;1
5;859;1
5;858;0
5;857;1
5;856;0
5;855;1
5;854;0
5;853;1
5;852;0
5;851;0
5;850;1
5;849;1
5;848;1
5;847;0
5;846;0
5;845;1
5;844;0
5;843;0
5;842;1
5;841;0
5;840;1
5;839;1
5;838;0
5;837;0
5;836;0
5;835;1
5;834;0
5;833;0
5;832;1
5;831;0
5;830;1
5;829;1
5;828;0
5;827;0
5;826;1
5;825;0
5;824;0
5;823;0
5;822;0
5;821;1
5;820;1
5;819;1
5;818;0
5;817;1
5;816;0
5;815;1
5;814;0
5;813;0
5;812;0
5;811;0
5;810;0
5;809;1
5;808;1
5;807;1
5;806;1
5;805;1
5;804;1
5;803;1
5;802;1
5;801;1
5;800;1
5;799;1
5;798;1
5;797;1
5;796;1
5;795;1
5;794;1
5;793;1
5;792;1
5;791;1
5;790;1
5;789;1
5;788;1
5;787;1
5;786;1
5;785;1
5;784;1
5;783;1
5;782;1
5;781;1
5;780;1
5;779;1
5;778;1
5;777;1
5;776;1
5;775;1
5;774;1
5;773;1
5;772;1
5;771;1
5;770;1
5;769;1
5;768;1
5;767;1
5;766;1
5;765;1
5;764;1
5;763;1
5;762;1
5;761;1
5;760;1
5;759;1
5;758;1
5;757;1
5;756;1
5;755;1
5;754;1
5;753;1
5;752;1
5;751;1
5;750;1
5;749;1
5;748;1
5;747;1
5;746;1
5;745;1
5;744;1
5;743;1
5;742;1
5;741;1
5;740;1
5;739;1
5;738;1
5;737;1
5;736;1
5;735;1
5;734;1
5;733;1
5;732;1
5;731;1
5;730;1
5;729;1
5;728;1
5;727;1
5;726;1
5;725;1
5;724;1
5;723;1
5;722;1
5;721;1
5;720;1
5;719;1
5;718;1
5;717;1
5;716;1
5;715;1
5;714;1
5;713;1
5;712;1
5;711;1
5;710;1
5;709;1
5;708;1
5;707;1
5;706;1
5;705;1
5;704;1
5;703;1
5;702;1
5;701;1
5;700;1
5;699;1
5;698;1
5;697;1
5;696;1
5;695;1
5;694;1
5;693;1
5;692;1
5;691;1
5;690;1
5;689;1
5;688;1
5;687;1
5;686;1
5;685;1
5;684;1
5;683;1
5;682;1
5;681;1
5;680;1
5;679;1
5;678;1
5;677;1
5;676;1
5;675;1
5;674;1
5;673;1
5;672;1
5;671;1
5;670;1
5;669;1
5;668;1
5;667;1
5;666;1
5;665;1
5;664;1
5;663;1
5;662;1
5;661;1
5;660;1
5;659;1
5;658;1
5;657;1
5;656;1
5;655;1
5;654;1
5;653;1
5;652;1
5;651;1
5;650;1
5;649;1
5;648;1
5;647;1
5;646;1
5;645;1
5;644;1
5;643;1
5;642;1
5;641;1
5;640;1
5;639;1
5;638;1
5;637;1
5;636;1
5;635;1
5;634;1
5;633;1
5;632;1
5;631;1
5;630;1
5;629;1
5;628;1
5;627;1
5;626;1
5;625;1
5;624;1
5;623;1
5;622;1
5;621;1
5;620;1
5;619;1
5;618;1
5;617;1
5;616;1
5;615;1
5;614;1
5;613;1
5;612;0
5;611;1
5;610;1
5;609;0
5;608;0
5;607;1
5;606;1
5;605;1
5;604;0
5;603;1
5;602;1
5;601;1
5;600;0
5;599;0
5;598;1
5;597;1
5;596;0
5;595;1
5;594;1
5;593;1
5;592;0
5;591;0
5;590;1
5;589;1
5;588;0
5;587;1
5;586;1
5;585;0
5;584;1
5;583;1
5;582;1
5;581;1
5;580;0
5;579;0
5;578;0
5;577;0
5;576;1
5;575;1
5;574;0
5;573;0
5;572;0
5;571;0
5;570;0
5;569;0
5;568;0
5;567;1
5;566;0
5;565;0
5;564;0
5;563;0
5;562;0
5;561;0
5;560;0
5;559;1
5;558;0
5;557;0
5;556;0
5;555;0
5;554;0
5;553;0
5;552;0
5;551;1
5;550;0
5;549;0
5;548;0
5;547;0
5;546;0
5;545;0
5;544;0
5;543;1
5;542;0
5;541;0
5;540;0
5;539;0
5;538;0
5;537;0
5;536;0
5;535;1
5;534;0
5;533;0
5;532;0
5;531;0
5;530;0
5;529;0
5;528;0
5;527;1
5;526;0
5;525;0
5;524;0
5;523;0
5;522;0
5;521;0
5;520;0
5;519;1
5;518;0
5;517;0
5;516;0
5;515;0
5;514;0
5;513;0
5;512;0
5;511;1
5;510;0
5;509;0
5;508;0
5;507;0
5;506;0
5;505;0
5;504;0
5;503;1
5;502;0
5;501;0
5;500;0
5;499;0
5;498;0
5;497;0
5;496;0
5;495;1
5;494;0
5;493;0
5;492;0
5;491;0
5;490;0
5;489;0
5;488;0
5;487;1
5;486;0
5;485;0
5;484;0
5;483;0
5;482;0
5;481;0
5;480;0
5;479;1
5;478;0
5;477;0
5;476;0
5;475;0
5;474;0
5;473;0
5;472;0
5;471;1
5;470;0
5;469;0
5;468;0
5;467;0
5;466;0
5;465;0
5;464;0
5;463;1
5;462;0
5;461;0
5;460;0
5;459;0
5;458;0
5;457;0
5;456;0
5;455;1
5;454;0
5;453;0
5;452;0
5;451;0
5;450;0
5;449;0
5;448;0
5;447;1
5;446;0
5;445;0
5;444;0
5;443;0
5;442;0
5;441;0
5;440;0
5;439;1
5;438;0
5;437;0
5;436;0
5;435;0
5;434;0
5;433;0
5;432;0
5;431;1
5;430;0
5;429;0
5;428;0
5;427;0
5;426;0
5;425;0
5;424;0
5;423;1
5;422;0
5;421;0
5;420;0
5;419;0
5;418;0
5;417;0
5;416;0
5;415;1
5;414;0
5;413;0
5;412;0
5;411;0
5;410;0
5;409;0
5;408;0
5;407;1
5;406;0
5;405;0
5;404;0
5;403;0
5;402;0
5;401;0
5;400;0
5;399;1
5;398;0
5;397;0
5;396;0
5;395;0
5;394;0
5;393;0
5;392;0
5;391;1
5;390;0
5;389;0
5;388;0
5;387;0
5;386;0
5;385;0
5;384;0
5;383;1
5;382;0
5;381;0
5;380;0
5;379;0
5;378;0
5;377;0
5;376;0
5;375;1
5;374;0
5;373;0
5;372;0
5;371;0
5;370;0
5;369;0
5;368;0
5;367;1
5;366;0
5;365;0
5;364;0
5;363;0
5;362;0
5;361;0
5;360;0
5;359;1
5;358;0
5;357;0
5;356;0
5;355;0
5;354;0
5;353;0
5;352;0
5;351;1
5;350;0
5;349;0
5;348;0
5;347;0
5;346;0
5;345;0
5;344;0
5;343;1
5;342;0
5;341;0
5;340;0
5;339;0
5;338;0
5;337;0
5;336;0
5;335;1
5;334;0
5;333;0
5;332;0
5;331;0
5;330;0
5;329;0
5;328;0
5;327;1
5;326;0
5;325;0
5;324;0
5;323;0
5;322;0
5;321;0
5;320;0
5;319;1
5;318;0
5;317;0
5;316;0
5;315;0
5;314;0
5;313;0
5;312;0
5;311;1
5;310;0
5;309;0
5;308;0
5;307;0
5;306;0
5;305;0
5;304;0
5;303;1
5;302;0
5;301;0
5;300;0
5;299;0
5;298;0
5;297;0
5;296;0
5;295;1
5;294;0
5;293;0
5;292;0
5;291;0
5;290;0
5;289;0
5;288;0
5;287;1
5;286;0
5;285;0
5;284;0
5;283;0
5;282;0
5;281;0
5;280;0
5;279;1
5;278;0
5;277;0
5;276;0
5;275;0
5;274;0
5;273;0
5;272;0
5;271;1
5;270;0
5;269;0
5;268;0
5;267;0
5;266;0
5;265;0
5;264;0
5;263;1
5;262;0
5;261;0
5;260;0
5;259;0
5;258;0
5;257;0
5;256;0
5;255;1
5;254;0
5;253;0
5;252;0
5;251;0
5;250;0
5;249;0
5;248;0
5;247;1
5;246;0
5;245;0
5;244;0
5;243;0
5;242;0
5;241;0
5;240;0
5;239;1
5;238;0
5;237;0
5;236;0
5;235;0
5;234;0
5;233;0
5;232;0
5;231;1
5;230;0
5;229;0
5;228;0
5;227;0
5;226;0
5;225;0
5;224;0
5;223;1
5;222;0
5;221;0
5;220;0
5;219;0
5;218;0
5;217;0
5;216;0
5;215;1
5;214;0
5;213;0
5;212;0
5;211;0
5;210;0
5;209;0
5;208;0
5;207;1
5;206;0
5;205;0
5;204;0
5;203;0
5;202;0
5;201;0
5;200;0
5;199;1
5;198;0
5;197;0
5;196;0
5;195;0
5;194;0
5;193;0
5;192;0
5;191;1
5;190;0
5;189;0
5;188;0
5;187;0
5;186;0
5;185;0
5;184;0
5;183;1
5;182;0
5;181;0
5;180;0
5;179;0
5;178;0
5;177;0
5;176;0
5;175;1
5;174;0
5;173;0
5;172;0
5;171;0
5;170;0
5;169;0
5;168;0
5;167;1
5;166;0
5;165;0
5;164;0
5;163;0
5;162;0
5;161;0
5;160;0
5;159;1
5;158;0
5;157;0
5;156;0
5;155;0
5;154;0
5;153;0
5;152;0
5;151;1
5;150;0
5;149;0
5;148;0
5;147;0
5;146;0
5;145;0
5;144;0
5;143;1
5;142;0
5;141;0
5;140;0
5;139;0
5;138;0
5;137;0
5;136;0
5;135;1
5;134;0
5;133;0
5;132;0
5;131;0
5;130;0
5;129;0
5;128;0
5;127;1
5;126;0
5;125;0
5;124;0
5;123;0
5;122;0
5;121;0
5;120;0
5;119;1
5;118;0
5;117;0
5;116;0
5;115;0
5;114;0
5;113;0
5;112;0
5;111;1
5;110;0
5;109;0
5;108;0
5;107;0
5;106;0
5;105;0
5;104;0
5;103;1
5;102;0
5;101;0
5;100;0
5;99;0
5;98;0
5;97;0
5;96;0
5;95;1
5;94;0
5;93;0
5;92;0
5;91;0
5;90;0
5;89;0
5;88;0
5;87;1
5;86;0
5;85;0
5;84;0
5;83;0
5;82;0
5;81;0
5;80;0
5;79;1
5;78;0
5;77;0
5;76;0
5;75;0
5;74;0
5;73;0
5;72;0
5;71;1
5;70;0
5;69;0
5;68;0
5;67;0
5;66;0
5;65;0
5;64;0
5;63;0
5;62;0
5;61;0
5;60;0
5;59;0
5;58;0
5;57;0
5;56;0
5;55;0
5;54;0
5;53;0
5;52;0
5;51;0
5;50;0
5;49;0
5;48;0
5;47;0
5;46;0
5;45;0
5;44;0
5;43;0
5;42;0
5;41;0
5;40;0
5;39;0
5;38;0
5;37;0
5;36;0
5;35;0
5;34;0
5;33;0
5;32;0
5;31;0
5;30;0
5;29;0
5;28;0
5;27;0
5;26;0
5;25;0
5;24;0
5;23;0
5;22;0
5;21;0
5;20;0
5;19;0
5;18;0
5;17;0
5;16;0
5;15;0
5;14;0
5;13;0
5;12;0
5;11;0
5;10;0
5;9;0
5;8;0
5;7;0
5;6;0
5;5;0
5;4;0
5;3;0
5;2;0
5;1;0
5;0;0
4;871;1
4;870;0
4;869;1
4;868;0
4;867;1
4;866;1
4;865;1
4;864;0
4;863;0
4;862;0
4;861;0
4;860;1
4;859;1
4;858;0
4;857;1
4;856;0
4;855;1
4;854;0
4;853;1
4;852;0
4;851;0
4;850;1
4;849;1
4;848;1
4;847;0
4;846;0
4;845;1
4;844;0
4;843;0
4;842;1
4;841;0
4;840;1
4;839;1
4;838;0
4;837;0
4;836;0
4;835;1
4;834;0
4;833;0
4;832;1
4;831;0
4;830;1
4;829;1
4;828;0
4;827;0
4;826;1
4;825;0
4;824;0
4;823;0
4;822;0
4;821;1
4;820;1
4;819;1
4;818;0
4;817;0
4;816;0
4;815;1
4;814;0
4;813;0
4;812;0
4;811;0
4;810;0
4;809;1
4;808;1
4;807;1
4;806;1
4;805;1
4;804;1
4;803;1
4;802;1
4;801;1
4;800;1
4;799;1
4;798;1
4;797;1
4;796;1
4;795;1
4;794;1
4;793;1
4;792;1
4;791;1
4;790;1
4;789;1
4;788;1
4;787;1
4;786;1
4;785;1
4;784;1
4;783;1
4;782;1
4;781;1
4;780;1
4;779;1
4;778;1
4;777;1
4;776;1
4;775;1
4;774;1
4;773;1
4;772;1
4;771;1
4;770;1
4;769;1
4;768;1
4;767;1
4;766;1
4;765;1
4;764;1
4;763;1
4;762;1
4;761;1
4;760;1
4;759;1
4;758;1
4;757;1
4;756;1
4;755;1
4;754;1
4;753;1
4;752;1
4;751;1
4;750;1
4;749;1
4;748;1
4;747;1
4;746;1
4;745;1
4;744;1
4;743;1
4;742;1
4;741;1
4;740;1
4;739;1
4;738;1
4;737;1
4;736;1
4;735;1
4;734;1
4;733;1
4;732;1
4;731;1
4;730;1
4;729;1
4;728;1
4;727;1
4;726;1
4;725;1
4;724;1
4;723;1
4;722;1
4;721;1
4;720;1
4;719;1
4;718;1
4;717;1
4;716;1
4;715;1
4;714;1
4;713;1
4;712;1
4;711;1
4;710;1
4;709;1
4;708;1
4;707;1
4;706;1
4;705;1
4;704;1
4;703;1
4;702;1
4;701;1
4;700;1
4;699;1
4;698;1
4;697;1
4;696;1
4;695;1
4;694;1
4;693;1
4;692;1
4;691;1
4;690;1
4;689;1
4;688;1
4;687;1
4;686;1
4;685;1
4;684;1
4;683;1
4;682;1
4;681;1
4;680;1
4;679;1
4;678;1
4;677;1
4;676;1
4;675;1
4;674;1
4;673;1
4;672;1
4;671;1
4;670;1
4;669;1
4;668;1
4;667;1
4;666;1
4;665;1
4;664;1
4;663;1
4;662;1
4;661;1
4;660;1
4;659;1
4;658;1
4;657;1
4;656;1
4;655;1
4;654;1
4;653;1
4;652;1
4;651;1
4;650;1
4;649;1
4;648;1
4;647;1
4;646;1
4;645;1
4;644;1
4;643;1
4;642;1
4;641;1
4;640;1
4;639;1
4;638;1
4;637;1
4;636;1
4;635;1
4;634;1
4;633;1
4;632;1
4;631;1
4;630;1
4;629;1
4;628;1
4;627;1
4;626;1
4;625;1
4;624;1
4;623;1
4;622;1
4;621;1
4;620;1
4;619;1
4;618;1
4;617;1
4;616;1
4;615;1
4;614;1
4;613;1
4;612;0
4;611;1
4;610;1
4;609;0
4;608;0
4;607;1
4;606;1
4;605;1
4;604;0
4;603;1
4;602;1
4;601;1
4;600;0
4;599;0
4;598;1
4;597;1
4;596;0
4;595;1
4;594;1
4;593;1
4;592;0
4;591;0
4;590;1
4;589;1
4;588;0
4;587;1
4;586;1
4;585;0
4;584;1
4;583;1
4;582;1
4;581;1
4;580;0
4;579;0
4;578;0
4;577;0
4;576;1
4;575;1
4;574;0
4;573;0
4;572;0
4;571;0
4;570;0
4;569;0
4;568;0
4;567;1
4;566;0
4;565;0
4;564;0
4;563;0
4;562;0
4;561;0
4;560;0
4;559;1
4;558;0
4;557;0
4;556;0
4;555;0
4;554;0
4;553;0
4;552;0
4;551;1
4;550;0
4;549;0
4;548;0
4;547;0
4;546;0
4;545;0
4;544;0
4;543;1
4;542;0
4;541;0
4;540;0
4;539;0
4;538;0
4;537;0
4;536;0
4;535;1
4;534;0
4;533;0
4;532;0
4;531;0
4;530;0
4;529;0
4;528;0
4;527;1
4;526;0
4;525;0
4;524;0
4;523;0
4;522;0
4;521;0
4;520;0
4;519;1
4;518;0
4;517;0
4;516;0
4;515;0
4;514;0
4;513;0
4;512;0
4;511;1
4;510;0
4;509;0
4;508;0
4;507;0
4;506;0
4;505;0
4;504;0
4;503;1
4;502;0
4;501;0
4;500;0
4;499;0
4;498;0
4;497;0
4;496;0
4;495;1
4;494;0
4;493;0
4;492;0
4;491;0
4;490;0
4;489;0
4;488;0
4;487;1
4;486;0
4;485;0
4;484;0
4;483;0
4;482;0
4;481;0
4;480;0
4;479;1
4;478;0
4;477;0
4;476;0
4;475;0
4;474;0
4;473;0
4;472;0
4;471;1
4;470;0
4;469;0
4;468;0
4;467;0
4;466;0
4;465;0
4;464;0
4;463;1
4;462;0
4;461;0
4;460;0
4;459;0
4;458;0
4;457;0
4;456;0
4;455;1
4;454;0
4;453;0
4;452;0
4;451;0
4;450;0
4;449;0
4;448;0
4;447;1
4;446;0
4;445;0
4;444;0
4;443;0
4;442;0
4;441;0
4;440;0
4;439;1
4;438;0
4;437;0
4;436;0
4;435;0
4;434;0
4;433;0
4;432;0
4;431;1
4;430;0
4;429;0
4;428;0
4;427;0
4;426;0
4;425;0
4;424;0
4;423;1
4;422;0
4;421;0
4;420;0
4;419;0
4;418;0
4;417;0
4;416;0
4;415;1
4;414;0
4;413;0
4;412;0
4;411;0
4;410;0
4;409;0
4;408;0
4;407;1
4;406;0
4;405;0
4;404;0
4;403;0
4;402;0
4;401;0
4;400;0
4;399;1
4;398;0
4;397;0
4;396;0
4;395;0
4;394;0
4;393;0
4;392;0
4;391;1
4;390;0
4;389;0
4;388;0
4;387;0
4;386;0
4;385;0
4;384;0
4;383;1
4;382;0
4;381;0
4;380;0
4;379;0
4;378;0
4;377;0
4;376;0
4;375;1
4;374;0
4;373;0
4;372;0
4;371;0
4;370;0
4;369;0
4;368;0
4;367;1
4;366;0
4;365;0
4;364;0
4;363;0
4;362;0
4;361;0
4;360;0
4;359;1
4;358;0
4;357;0
4;356;0
4;355;0
4;354;0
4;353;0
4;352;0
4;351;1
4;350;0
4;349;0
4;348;0
4;347;0
4;346;0
4;345;0
4;344;0
4;343;1
4;342;0
4;341;0
4;340;0
4;339;0
4;338;0
4;337;0
4;336;0
4;335;1
4;334;0
4;333;0
4;332;0
4;331;0
4;330;0
4;329;0
4;328;0
4;327;1
4;326;0
4;325;0
4;324;0
4;323;0
4;322;0
4;321;0
4;320;0
4;319;1
4;318;0
4;317;0
4;316;0
4;315;0
4;314;0
4;313;0
4;312;0
4;311;1
4;310;0
4;309;0
4;308;0
4;307;0
4;306;0
4;305;0
4;304;0
4;303;1
4;302;0
4;301;0
4;300;0
4;299;0
4;298;0
4;297;0
4;296;0
4;295;1
4;294;0
4;293;0
4;292;0
4;291;0
4;290;0
4;289;0
4;288;0
4;287;1
4;286;0
4;285;0
4;284;0
4;283;0
4;282;0
4;281;0
4;280;0
4;279;1
4;278;0
4;277;0
4;276;0
4;275;0
4;274;0
4;273;0
4;272;0
4;271;1
4;270;0
4;269;0
4;268;0
4;267;0
4;266;0
4;265;0
4;264;0
4;263;1
4;262;0
4;261;0
4;260;0
4;259;0
4;258;0
4;257;0
4;256;0
4;255;1
4;254;0
4;253;0
4;252;0
4;251;0
4;250;0
4;249;0
4;248;0
4;247;1
4;246;0
4;245;0
4;244;0
4;243;0
4;242;0
4;241;0
4;240;0
4;239;1
4;238;0
4;237;0
4;236;0
4;235;0
4;234;0
4;233;0
4;232;0
4;231;1
4;230;0
4;229;0
4;228;0
4;227;0
4;226;0
4;225;0
4;224;0
4;223;1
4;222;0
4;221;0
4;220;0
4;219;0
4;218;0
4;217;0
4;216;0
4;215;1
4;214;0
4;213;0
4;212;0
4;211;0
4;210;0
4;209;0
4;208;0
4;207;1
4;206;0
4;205;0
4;204;0
4;203;0
4;202;0
4;201;0
4;200;0
4;199;1
4;198;0
4;197;0
4;196;0
4;195;0
4;194;0
4;193;0
4;192;0
4;191;1
4;190;0
4;189;0
4;188;0
4;187;0
4;186;0
4;185;0
4;184;0
4;183;1
4;182;0
4;181;0
4;180;0
4;179;0
4;178;0
4;177;0
4;176;0
4;175;1
4;174;0
4;173;0
4;172;0
4;171;0
4;170;0
4;169;0
4;168;0
4;167;1
4;166;0
4;165;0
4;164;0
4;163;0
4;162;0
4;161;0
4;160;0
4;159;1
4;158;0
4;157;0
4;156;0
4;155;0
4;154;0
4;153;0
4;152;0
4;151;1
4;150;0
4;149;0
4;148;0
4;147;0
4;146;0
4;145;0
4;144;0
4;143;1
4;142;0
4;141;0
4;140;0
4;139;0
4;138;0
4;137;0
4;136;0
4;135;1
4;134;0
4;133;0
4;132;0
4;131;0
4;130;0
4;129;0
4;128;0
4;127;1
4;126;0
4;125;0
4;124;0
4;123;0
4;122;0
4;121;0
4;120;0
4;119;1
4;118;0
4;117;0
4;116;0
4;115;0
4;114;0
4;113;0
4;112;0
4;111;1
4;110;0
4;109;0
4;108;0
4;107;0
4;106;0
4;105;0
4;104;0
4;103;1
4;102;0
4;101;0
4;100;0
4;99;0
4;98;0
4;97;0
4;96;0
4;95;1
4;94;0
4;93;0
4;92;0
4;91;0
4;90;0
4;89;0
4;88;0
4;87;1
4;86;0
4;85;0
4;84;0
4;83;0
4;82;0
4;81;0
4;80;0
4;79;1
4;78;0
4;77;0
4;76;0
4;75;0
4;74;0
4;73;0
4;72;0
4;71;1
4;70;0
4;69;0
4;68;0
4;67;0
4;66;0
4;65;0
4;64;0
4;63;0
4;62;0
4;61;0
4;60;0
4;59;0
4;58;0
4;57;0
4;56;0
4;55;0
4;54;0
4;53;0
4;52;0
4;51;0
4;50;0
4;49;0
4;48;0
4;47;0
4;46;0
4;45;0
4;44;0
4;43;0
4;42;0
4;41;0
4;40;0
4;39;0
4;38;0
4;37;0
4;36;0
4;35;0
4;34;0
4;33;0
4;32;0
4;31;0
4;30;0
4;29;0
4;28;0
4;27;0
4;26;0
4;25;0
4;24;0
4;23;0
4;22;0
4;21;0
4;20;0
4;19;0
4;18;0
4;17;0
4;16;0
4;15;0
4;14;0
4;13;0
4;12;0
4;11;0
4;10;0
4;9;0
4;8;0
4;7;0
4;6;0
4;5;0
4;4;0
4;3;0
4;2;0
4;1;0
4;0;0
3;871;1
3;870;0
3;869;1
3;868;0
3;867;1
3;866;1
3;865;1
3;864;0
3;863;0
3;862;0
3;861;0
3;860;1
3;859;1
3;858;0
3;857;1
3;856;0
3;855;1
3;854;0
3;853;1
3;852;0
3;851;0
3;850;1
3;849;1
3;848;1
3;847;0
3;846;0
3;845;1
3;844;0
3;843;0
3;842;1
3;841;0
3;840;1
3;839;1
3;838;0
3;837;0
3;836;0
3;835;1
3;834;0
3;833;0
3;832;1
3;831;0
3;830;1
3;829;1
3;828;0
3;827;0
3;826;1
3;825;0
3;824;0
3;823;0
3;822;1
3;821;0
3;820;0
3;819;0
3;818;1
3;817;1
3;816;1
3;815;0
3;814;0
3;813;0
3;812;0
3;811;0
3;810;0
3;809;1
3;808;1
3;807;1
3;806;1
3;805;1
3;804;1
3;803;1
3;802;1
3;801;1
3;800;1
3;799;1
3;798;1
3;797;1
3;796;1
3;795;1
3;794;1
3;793;1
3;792;1
3;791;1
3;790;1
3;789;1
3;788;1
3;787;1
3;786;1
3;785;1
3;784;1
3;783;1
3;782;1
3;781;1
3;780;1
3;779;1
3;778;1
3;777;1
3;776;1
3;775;1
3;774;1
3;773;1
3;772;1
3;771;1
3;770;1
3;769;1
3;768;1
3;767;1
3;766;1
3;765;1
3;764;1
3;763;1
3;762;1
3;761;1
3;760;1
3;759;1
3;758;1
3;757;1
3;756;1
3;755;1
3;754;1
3;753;1
3;752;1
3;751;1
3;750;1
3;749;1
3;748;1
3;747;1
3;746;1
3;745;1
3;744;1
3;743;1
3;742;1
3;741;1
3;740;1
3;739;1
3;738;1
3;737;1
3;736;1
3;735;1
3;734;1
3;733;1
3;732;1
3;731;1
3;730;1
3;729;1
3;728;1
3;727;1
3;726;1
3;725;1
3;724;1
3;723;1
3;722;1
3;721;1
3;720;1
3;719;1
3;718;1
3;717;1
3;716;1
3;715;1
3;714;1
3;713;1
3;712;1
3;711;1
3;710;1
3;709;1
3;708;1
3;707;1
3;706;1
3;705;1
3;704;1
3;703;1
3;702;1
3;701;1
3;700;1
3;699;1
3;698;1
3;697;1
3;696;1
3;695;1
3;694;1
3;693;1
3;692;1
3;691;1
3;690;1
3;689;1
3;688;1
3;687;1
3;686;1
3;685;1
3;684;1
3;683;1
3;682;1
3;681;1
3;680;1
3;679;1
3;678;1
3;677;1
3;676;1
3;675;1
3;674;1
3;673;1
3;672;1
3;671;1
3;670;1
3;669;1
3;668;1
3;667;1
3;666;1
3;665;1
3;664;1
3;663;1
3;662;1
3;661;1
3;660;1
3;659;1
3;658;1
3;657;1
3;656;1
3;655;1
3;654;1
3;653;1
3;652;1
3;651;1
3;650;1
3;649;1
3;648;1
3;647;1
3;646;1
3;645;1
3;644;1
3;643;1
3;642;1
3;641;1
3;640;1
3;639;1
3;638;1
3;637;1
3;636;1
3;635;1
3;634;1
3;633;1
3;632;1
3;631;1
3;630;1
3;629;1
3;628;1
3;627;1
3;626;1
3;625;1
3;624;1
3;623;1
3;622;1
3;621;1
3;620;1
3;619;1
3;618;1
3;617;1
3;616;1
3;615;1
3;614;1
3;613;1
3;612;0
3;611;1
3;610;1
3;609;0
3;608;0
3;607;1
3;606;1
3;605;1
3;604;0
3;603;1
3;602;1
3;601;1
3;600;0
3;599;0
3;598;1
3;597;1
3;596;0
3;595;1
3;594;1
3;593;1
3;592;0
3;591;0
3;590;1
3;589;1
3;588;0
3;587;1
3;586;1
3;585;0
3;584;1
3;583;1
3;582;1
3;581;1
3;580;0
3;579;0
3;578;0
3;577;0
3;576;1
3;575;1
3;574;0
3;573;0
3;572;0
3;571;0
3;570;0
3;569;0
3;568;0
3;567;1
3;566;0
3;565;0
3;564;0
3;563;0
3;562;0
3;561;0
3;560;0
3;559;1
3;558;0
3;557;0
3;556;0
3;555;0
3;554;0
3;553;0
3;552;0
3;551;1
3;550;0
3;549;0
3;548;0
3;547;0
3;546;0
3;545;0
3;544;0
3;543;1
3;542;0
3;541;0
3;540;0
3;539;0
3;538;0
3;537;0
3;536;0
3;535;1
3;534;0
3;533;0
3;532;0
3;531;0
3;530;0
3;529;0
3;528;0
3;527;1
3;526;0
3;525;0
3;524;0
3;523;0
3;522;0
3;521;0
3;520;0
3;519;1
3;518;0
3;517;0
3;516;0
3;515;0
3;514;0
3;513;0
3;512;0
3;511;1
3;510;0
3;509;0
3;508;0
3;507;0
3;506;0
3;505;0
3;504;0
3;503;1
3;502;0
3;501;0
3;500;0
3;499;0
3;498;0
3;497;0
3;496;0
3;495;1
3;494;0
3;493;0
3;492;0
3;491;0
3;490;0
3;489;0
3;488;0
3;487;1
3;486;0
3;485;0
3;484;0
3;483;0
3;482;0
3;481;0
3;480;0
3;479;1
3;478;0
3;477;0
3;476;0
3;475;0
3;474;0
3;473;0
3;472;0
3;471;1
3;470;0
3;469;0
3;468;0
3;467;0
3;466;0
3;465;0
3;464;0
3;463;1
3;462;0
3;461;0
3;460;0
3;459;0
3;458;0
3;457;0
3;456;0
3;455;1
3;454;0
3;453;0
3;452;0
3;451;0
3;450;0
3;449;0
3;448;0
3;447;1
3;446;0
3;445;0
3;444;0
3;443;0
3;442;0
3;441;0
3;440;0
3;439;1
3;438;0
3;437;0
3;436;0
3;435;0
3;434;0
3;433;0
3;432;0
3;431;1
3;430;0
3;429;0
3;428;0
3;427;0
3;426;0
3;425;0
3;424;0
3;423;1
3;422;0
3;421;0
3;420;0
3;419;0
3;418;0
3;417;0
3;416;0
3;415;1
3;414;0
3;413;0
3;412;0
3;411;0
3;410;0
3;409;0
3;408;0
3;407;1
3;406;0
3;405;0
3;404;0
3;403;0
3;402;0
3;401;0
3;400;0
3;399;1
3;398;0
3;397;0
3;396;0
3;395;0
3;394;0
3;393;0
3;392;0
3;391;1
3;390;0
3;389;0
3;388;0
3;387;0
3;386;0
3;385;0
3;384;0
3;383;1
3;382;0
3;381;0
3;380;0
3;379;0
3;378;0
3;377;0
3;376;0
3;375;1
3;374;0
3;373;0
3;372;0
3;371;0
3;370;0
3;369;0
3;368;0
3;367;1
3;366;0
3;365;0
3;364;0
3;363;0
3;362;0
3;361;0
3;360;0
3;359;1
3;358;0
3;357;0
3;356;0
3;355;0
3;354;0
3;353;0
3;352;0
3;351;1
3;350;0
3;349;0
3;348;0
3;347;0
3;346;0
3;345;0
3;344;0
3;343;1
3;342;0
3;341;0
3;340;0
3;339;0
3;338;0
3;337;0
3;336;0
3;335;1
3;334;0
3;333;0
3;332;0
3;331;0
3;330;0
3;329;0
3;328;0
3;327;1
3;326;0
3;325;0
3;324;0
3;323;0
3;322;0
3;321;0
3;320;0
3;319;1
3;318;0
3;317;0
3;316;0
3;315;0
3;314;0
3;313;0
3;312;0
3;311;1
3;310;0
3;309;0
3;308;0
3;307;0
3;306;0
3;305;0
3;304;0
3;303;1
3;302;0
3;301;0
3;300;0
3;299;0
3;298;0
3;297;0
3;296;0
3;295;1
3;294;0
3;293;0
3;292;0
3;291;0
3;290;0
3;289;0
3;288;0
3;287;1
3;286;0
3;285;0
3;284;0
3;283;0
3;282;0
3;281;0
3;280;0
3;279;1
3;278;0
3;277;0
3;276;0
3;275;0
3;274;0
3;273;0
3;272;0
3;271;1
3;270;0
3;269;0
3;268;0
3;267;0
3;266;0
3;265;0
3;264;0
3;263;1
3;262;0
3;261;0
3;260;0
3;259;0
3;258;0
3;257;0
3;256;0
3;255;1
3;254;0
3;253;0
3;252;0
3;251;0
3;250;0
3;249;0
3;248;0
3;247;1
3;246;0
3;245;0
3;244;0
3;243;0
3;242;0
3;241;0
3;240;0
3;239;1
3;238;0
3;237;0
3;236;0
3;235;0
3;234;0
3;233;0
3;232;0
3;231;1
3;230;0
3;229;0
3;228;0
3;227;0
3;226;0
3;225;0
3;224;0
3;223;1
3;222;0
3;221;0
3;220;0
3;219;0
3;218;0
3;217;0
3;216;0
3;215;1
3;214;0
3;213;0
3;212;0
3;211;0
3;210;0
3;209;0
3;208;0
3;207;1
3;206;0
3;205;0
3;204;0
3;203;0
3;202;0
3;201;0
3;200;0
3;199;1
3;198;0
3;197;0
3;196;0
3;195;0
3;194;0
3;193;0
3;192;0
3;191;1
3;190;0
3;189;0
3;188;0
3;187;0
3;186;0
3;185;0
3;184;0
3;183;1
3;182;0
3;181;0
3;180;0
3;179;0
3;178;0
3;177;0
3;176;0
3;175;1
3;174;0
3;173;0
3;172;0
3;171;0
3;170;0
3;169;0
3;168;0
3;167;1
3;166;0
3;165;0
3;164;0
3;163;0
3;162;0
3;161;0
3;160;0
3;159;1
3;158;0
3;157;0
3;156;0
3;155;0
3;154;0
3;153;0
3;152;0
3;151;1
3;150;0
3;149;0
3;148;0
3;147;0
3;146;0
3;145;0
3;144;0
3;143;1
3;142;0
3;141;0
3;140;0
3;139;0
3;138;0
3;137;0
3;136;0
3;135;1
3;134;0
3;133;0
3;132;0
3;131;0
3;130;0
3;129;0
3;128;0
3;127;1
3;126;0
3;125;0
3;124;0
3;123;0
3;122;0
3;121;0
3;120;0
3;119;1
3;118;0
3;117;0
3;116;0
3;115;0
3;114;0
3;113;0
3;112;0
3;111;1
3;110;0
3;109;0
3;108;0
3;107;0
3;106;0
3;105;0
3;104;0
3;103;1
3;102;0
3;101;0
3;100;0
3;99;0
3;98;0
3;97;0
3;96;0
3;95;1
3;94;0
3;93;0
3;92;0
3;91;0
3;90;0
3;89;0
3;88;0
3;87;1
3;86;0
3;85;0
3;84;0
3;83;0
3;82;0
3;81;0
3;80;0
3;79;1
3;78;0
3;77;0
3;76;0
3;75;0
3;74;0
3;73;0
3;72;0
3;71;1
3;70;0
3;69;0
3;68;0
3;67;0
3;66;0
3;65;0
3;64;0
3;63;0
3;62;0
3;61;0
3;60;0
3;59;0
3;58;0
3;57;0
3;56;0
3;55;0
3;54;0
3;53;0
3;52;0
3;51;0
3;50;0
3;49;0
3;48;0
3;47;0
3;46;0
3;45;0
3;44;0
3;43;0
3;42;0
3;41;0
3;40;0
3;39;0
3;38;0
3;37;0
3;36;0
3;35;0
3;34;0
3;33;0
3;32;0
3;31;0
3;30;0
3;29;0
3;28;0
3;27;0
3;26;0
3;25;0
3;24;0
3;23;0
3;22;0
3;21;0
3;20;0
3;19;0
3;18;0
3;17;0
3;16;0
3;15;0
3;14;0
3;13;0
3;12;0
3;11;0
3;10;0
3;9;0
3;8;0
3;7;0
3;6;0
3;5;0
3;4;0
3;3;0
3;2;0
3;1;0
3;0;0
2;871;1
2;870;0
2;869;1
2;868;0
2;867;1
2;866;1
2;865;1
2;864;0
2;863;0
2;862;0
2;861;0
2;860;1
2;859;1
2;858;0
2;857;1
2;856;0
2;855;1
2;854;0
2;853;1
2;852;0
2;851;0
2;850;1
2;849;1
2;848;1
2;847;0
2;846;0
2;845;1
2;844;0
2;843;0
2;842;1
2;841;0
2;840;1
2;839;1
2;838;0
2;837;0
2;836;0
2;835;1
2;834;0
2;833;0
2;832;1
2;831;0
2;830;1
2;829;1
2;828;0
2;827;0
2;826;1
2;825;0
2;824;0
2;823;0
2;822;0
2;821;1
2;820;1
2;819;0
2;818;1
2;817;0
2;816;1
2;815;0
2;814;0
2;813;0
2;812;0
2;811;0
2;810;0
2;809;1
2;808;1
2;807;1
2;806;1
2;805;1
2;804;1
2;803;1
2;802;1
2;801;1
2;800;1
2;799;1
2;798;1
2;797;1
2;796;1
2;795;1
2;794;1
2;793;1
2;792;1
2;791;1
2;790;1
2;789;1
2;788;1
2;787;1
2;786;1
2;785;1
2;784;1
2;783;1
2;782;1
2;781;1
2;780;1
2;779;1
2;778;1
2;777;1
2;776;1
2;775;1
2;774;1
2;773;1
2;772;1
2;771;1
2;770;1
2;769;1
2;768;1
2;767;1
2;766;1
2;765;1
2;764;1
2;763;1
2;762;1
2;761;1
2;760;1
2;759;1
2;758;1
2;757;1
2;756;1
2;755;1
2;754;1
2;753;1
2;752;1
2;751;1
2;750;1
2;749;1
2;748;1
2;747;1
2;746;1
2;745;1
2;744;1
2;743;1
2;742;1
2;741;1
2;740;1
2;739;1
2;738;1
2;737;1
2;736;1
2;735;1
2;734;1
2;733;1
2;732;1
2;731;1
2;730;1
2;729;1
2;728;1
2;727;1
2;726;1
2;725;1
2;724;1
2;723;1
2;722;1
2;721;1
2;720;1
2;719;1
2;718;1
2;717;1
2;716;1
2;715;1
2;714;1
2;713;1
2;712;1
2;711;1
2;710;1
2;709;1
2;708;1
2;707;1
2;706;1
2;705;1
2;704;1
2;703;1
2;702;1
2;701;1
2;700;1
2;699;1
2;698;1
2;697;1
2;696;1
2;695;1
2;694;1
2;693;1
2;692;1
2;691;1
2;690;1
2;689;1
2;688;1
2;687;1
2;686;1
2;685;1
2;684;1
2;683;1
2;682;1
2;681;1
2;680;1
2;679;1
2;678;1
2;677;1
2;676;1
2;675;1
2;674;1
2;673;1
2;672;1
2;671;1
2;670;1
2;669;1
2;668;1
2;667;1
2;666;1
2;665;1
2;664;1
2;663;1
2;662;1
2;661;1
2;660;1
2;659;1
2;658;1
2;657;1
2;656;1
2;655;1
2;654;1
2;653;1
2;652;1
2;651;1
2;650;1
2;649;1
2;648;1
2;647;1
2;646;1
2;645;1
2;644;1
2;643;1
2;642;1
2;641;1
2;640;1
2;639;1
2;638;1
2;637;1
2;636;1
2;635;1
2;634;1
2;633;1
2;632;1
2;631;1
2;630;1
2;629;1
2;628;1
2;627;1
2;626;1
2;625;1
2;624;1
2;623;1
2;622;1
2;621;1
2;620;1
2;619;1
2;618;1
2;617;1
2;616;1
2;615;1
2;614;1
2;613;1
2;612;0
2;611;1
2;610;1
2;609;0
2;608;0
2;607;1
2;606;1
2;605;1
2;604;0
2;603;1
2;602;1
2;601;1
2;600;0
2;599;0
2;598;1
2;597;1
2;596;0
2;595;1
2;594;1
2;593;1
2;592;0
2;591;0
2;590;1
2;589;1
2;588;0
2;587;1
2;586;1
2;585;0
2;584;1
2;583;1
2;582;1
2;581;1
2;580;0
2;579;0
2;578;0
2;577;0
2;576;1
2;575;1
2;574;0
2;573;0
2;572;0
2;571;0
2;570;0
2;569;0
2;568;0
2;567;1
2;566;0
2;565;0
2;564;0
2;563;0
2;562;0
2;561;0
2;560;0
2;559;1
2;558;0
2;557;0
2;556;0
2;555;0
2;554;0
2;553;0
2;552;0
2;551;1
2;550;0
2;549;0
2;548;0
2;547;0
2;546;0
2;545;0
2;544;0
2;543;1
2;542;0
2;541;0
2;540;0
2;539;0
2;538;0
2;537;0
2;536;0
2;535;1
2;534;0
2;533;0
2;532;0
2;531;0
2;530;0
2;529;0
2;528;0
2;527;1
2;526;0
2;525;0
2;524;0
2;523;0
2;522;0
2;521;0
2;520;0
2;519;1
2;518;0
2;517;0
2;516;0
2;515;0
2;514;0
2;513;0
2;512;0
2;511;1
2;510;0
2;509;0
2;508;0
2;507;0
2;506;0
2;505;0
2;504;0
2;503;1
2;502;0
2;501;0
2;500;0
2;499;0
2;498;0
2;497;0
2;496;0
2;495;1
2;494;0
2;493;0
2;492;0
2;491;0
2;490;0
2;489;0
2;488;0
2;487;1
2;486;0
2;485;0
2;484;0
2;483;0
2;482;0
2;481;0
2;480;0
2;479;1
2;478;0
2;477;0
2;476;0
2;475;0
2;474;0
2;473;0
2;472;0
2;471;1
2;470;0
2;469;0
2;468;0
2;467;0
2;466;0
2;465;0
2;464;0
2;463;1
2;462;0
2;461;0
2;460;0
2;459;0
2;458;0
2;457;0
2;456;0
2;455;1
2;454;0
2;453;0
2;452;0
2;451;0
2;450;0
2;449;0
2;448;0
2;447;1
2;446;0
2;445;0
2;444;0
2;443;0
2;442;0
2;441;0
2;440;0
2;439;1
2;438;0
2;437;0
2;436;0
2;435;0
2;434;0
2;433;0
2;432;0
2;431;1
2;430;0
2;429;0
2;428;0
2;427;0
2;426;0
2;425;0
2;424;0
2;423;1
2;422;0
2;421;0
2;420;0
2;419;0
2;418;0
2;417;0
2;416;0
2;415;1
2;414;0
2;413;0
2;412;0
2;411;0
2;410;0
2;409;0
2;408;0
2;407;1
2;406;0
2;405;0
2;404;0
2;403;0
2;402;0
2;401;0
2;400;0
2;399;1
2;398;0
2;397;0
2;396;0
2;395;0
2;394;0
2;393;0
2;392;0
2;391;1
2;390;0
2;389;0
2;388;0
2;387;0
2;386;0
2;385;0
2;384;0
2;383;1
2;382;0
2;381;0
2;380;0
2;379;0
2;378;0
2;377;0
2;376;0
2;375;1
2;374;0
2;373;0
2;372;0
2;371;0
2;370;0
2;369;0
2;368;0
2;367;1
2;366;0
2;365;0
2;364;0
2;363;0
2;362;0
2;361;0
2;360;0
2;359;1
2;358;0
2;357;0
2;356;0
2;355;0
2;354;0
2;353;0
2;352;0
2;351;1
2;350;0
2;349;0
2;348;0
2;347;0
2;346;0
2;345;0
2;344;0
2;343;1
2;342;0
2;341;0
2;340;0
2;339;0
2;338;0
2;337;0
2;336;0
2;335;1
2;334;0
2;333;0
2;332;0
2;331;0
2;330;0
2;329;0
2;328;0
2;327;1
2;326;0
2;325;0
2;324;0
2;323;0
2;322;0
2;321;0
2;320;0
2;319;1
2;318;0
2;317;0
2;316;0
2;315;0
2;314;0
2;313;0
2;312;0
2;311;1
2;310;0
2;309;0
2;308;0
2;307;0
2;306;0
2;305;0
2;304;0
2;303;1
2;302;0
2;301;0
2;300;0
2;299;0
2;298;0
2;297;0
2;296;0
2;295;1
2;294;0
2;293;0
2;292;0
2;291;0
2;290;0
2;289;0
2;288;0
2;287;1
2;286;0
2;285;0
2;284;0
2;283;0
2;282;0
2;281;0
2;280;0
2;279;1
2;278;0
2;277;0
2;276;0
2;275;0
2;274;0
2;273;0
2;272;0
2;271;1
2;270;0
2;269;0
2;268;0
2;267;0
2;266;0
2;265;0
2;264;0
2;263;1
2;262;0
2;261;0
2;260;0
2;259;0
2;258;0
2;257;0
2;256;0
2;255;1
2;254;0
2;253;0
2;252;0
2;251;0
2;250;0
2;249;0
2;248;0
2;247;1
2;246;0
2;245;0
2;244;0
2;243;0
2;242;0
2;241;0
2;240;0
2;239;1
2;238;0
2;237;0
2;236;0
2;235;0
2;234;0
2;233;0
2;232;0
2;231;1
2;230;0
2;229;0
2;228;0
2;227;0
2;226;0
2;225;0
2;224;0
2;223;1
2;222;0
2;221;0
2;220;0
2;219;0
2;218;0
2;217;0
2;216;0
2;215;1
2;214;0
2;213;0
2;212;0
2;211;0
2;210;0
2;209;0
2;208;0
2;207;1
2;206;0
2;205;0
2;204;0
2;203;0
2;202;0
2;201;0
2;200;0
2;199;1
2;198;0
2;197;0
2;196;0
2;195;0
2;194;0
2;193;0
2;192;0
2;191;1
2;190;0
2;189;0
2;188;0
2;187;0
2;186;0
2;185;0
2;184;0
2;183;1
2;182;0
2;181;0
2;180;0
2;179;0
2;178;0
2;177;0
2;176;0
2;175;1
2;174;0
2;173;0
2;172;0
2;171;0
2;170;0
2;169;0
2;168;0
2;167;1
2;166;0
2;165;0
2;164;0
2;163;0
2;162;0
2;161;0
2;160;0
2;159;1
2;158;0
2;157;0
2;156;0
2;155;0
2;154;0
2;153;0
2;152;0
2;151;1
2;150;0
2;149;0
2;148;0
2;147;0
2;146;0
2;145;0
2;144;0
2;143;1
2;142;0
2;141;0
2;140;0
2;139;0
2;138;0
2;137;0
2;136;0
2;135;1
2;134;0
2;133;0
2;132;0
2;131;0
2;130;0
2;129;0
2;128;0
2;127;1
2;126;0
2;125;0
2;124;0
2;123;0
2;122;0
2;121;0
2;120;0
2;119;1
2;118;0
2;117;0
2;116;0
2;115;0
2;114;0
2;113;0
2;112;0
2;111;1
2;110;0
2;109;0
2;108;0
2;107;0
2;106;0
2;105;0
2;104;0
2;103;1
2;102;0
2;101;0
2;100;0
2;99;0
2;98;0
2;97;0
2;96;0
2;95;1
2;94;0
2;93;0
2;92;0
2;91;0
2;90;0
2;89;0
2;88;0
2;87;1
2;86;0
2;85;0
2;84;0
2;83;0
2;82;0
2;81;0
2;80;0
2;79;1
2;78;0
2;77;0
2;76;0
2;75;0
2;74;0
2;73;0
2;72;0
2;71;1
2;70;0
2;69;0
2;68;0
2;67;0
2;66;0
2;65;0
2;64;0
2;63;0
2;62;0
2;61;0
2;60;0
2;59;0
2;58;0
2;57;0
2;56;0
2;55;0
2;54;0
2;53;0
2;52;0
2;51;0
2;50;0
2;49;0
2;48;0
2;47;0
2;46;0
2;45;0
2;44;0
2;43;0
2;42;0
2;41;0
2;40;0
2;39;0
2;38;0
2;37;0
2;36;0
2;35;0
2;34;0
2;33;0
2;32;0
2;31;0
2;30;0
2;29;0
2;28;0
2;27;0
2;26;0
2;25;0
2;24;0
2;23;0
2;22;0
2;21;0
2;20;0
2;19;0
2;18;0
2;17;0
2;16;0
2;15;0
2;14;0
2;13;0
2;12;0
2;11;0
2;10;0
2;9;0
2;8;0
2;7;0
2;6;0
2;5;0
2;4;0
2;3;0
2;2;0
2;1;0
2;0;0
1;871;1
1;870;0
1;869;1
1;868;0
1;867;1
1;866;1
1;865;1
1;864;0
1;863;0
1;862;0
1;861;0
1;860;1
1;859;1
1;858;0
1;857;1
1;856;0
1;855;1
1;854;0
1;853;1
1;852;0
1;851;0
1;850;1
1;849;1
1;848;1
1;847;0
1;846;0
1;845;1
1;844;0
1;843;0
1;842;1
1;841;0
1;840;1
1;839;1
1;838;0
1;837;0
1;836;0
1;835;1
1;834;0
1;833;0
1;832;1
1;831;0
1;830;1
1;829;1
1;828;0
1;827;0
1;826;1
1;825;0
1;824;0
1;823;0
1;822;0
1;821;0
1;820;0
1;819;0
1;818;1
1;817;1
1;816;0
1;815;0
1;814;0
1;813;0
1;812;0
1;811;0
1;810;0
1;809;0
1;808;0
1;807;0
1;806;0
1;805;0
1;804;0
1;803;0
1;802;0
1;801;0
1;800;0
1;799;0
1;798;0
1;797;0
1;796;0
1;795;0
1;794;0
1;793;0
1;792;0
1;791;0
1;790;0
1;789;0
1;788;0
1;787;0
1;786;0
1;785;0
1;784;0
1;783;0
1;782;0
1;781;0
1;780;0
1;779;0
1;778;0
1;777;0
1;776;0
1;775;0
1;774;0
1;773;0
1;772;0
1;771;0
1;770;0
1;769;0
1;768;0
1;767;0
1;766;0
1;765;0
1;764;0
1;763;0
1;762;0
1;761;0
1;760;0
1;759;0
1;758;0
1;757;0
1;756;0
1;755;0
1;754;0
1;753;0
1;752;0
1;751;0
1;750;0
1;749;0
1;748;0
1;747;0
1;746;0
1;745;0
1;744;0
1;743;0
1;742;0
1;741;0
1;740;0
1;739;0
1;738;0
1;737;0
1;736;0
1;735;0
1;734;0
1;733;0
1;732;0
1;731;0
1;730;0
1;729;0
1;728;0
1;727;0
1;726;0
1;725;1
1;724;1
1;723;1
1;722;1
1;721;1
1;720;1
1;719;1
1;718;1
1;717;1
1;716;1
1;715;1
1;714;1
1;713;1
1;712;1
1;711;1
1;710;1
1;709;1
1;708;1
1;707;1
1;706;1
1;705;1
1;704;1
1;703;1
1;702;1
1;701;1
1;700;1
1;699;1
1;698;1
1;697;1
1;696;1
1;695;1
1;694;1
1;693;1
1;692;1
1;691;1
1;690;1
1;689;1
1;688;1
1;687;1
1;686;1
1;685;1
1;684;1
1;683;1
1;682;1
1;681;1
1;680;1
1;679;1
1;678;1
1;677;1
1;676;1
1;675;1
1;674;1
1;673;1
1;672;1
1;671;1
1;670;1
1;669;1
1;668;1
1;667;1
1;666;1
1;665;1
1;664;1
1;663;1
1;662;1
1;661;1
1;660;1
1;659;1
1;658;1
1;657;1
1;656;1
1;655;1
1;654;1
1;653;1
1;652;1
1;651;1
1;650;1
1;649;1
1;648;1
1;647;1
1;646;1
1;645;1
1;644;1
1;643;1
1;642;1
1;641;1
1;640;1
1;639;1
1;638;1
1;637;1
1;636;1
1;635;1
1;634;1
1;633;1
1;632;1
1;631;1
1;630;1
1;629;1
1;628;1
1;627;1
1;626;1
1;625;1
1;624;1
1;623;1
1;622;1
1;621;1
1;620;1
1;619;1
1;618;1
1;617;1
1;616;1
1;615;1
1;614;1
1;613;1
1;612;0
1;611;1
1;610;1
1;609;0
1;608;0
1;607;1
1;606;1
1;605;1
1;604;0
1;603;1
1;602;1
1;601;1
1;600;0
1;599;0
1;598;1
1;597;1
1;596;0
1;595;1
1;594;1
1;593;1
1;592;0
1;591;0
1;590;1
1;589;1
1;588;0
1;587;1
1;586;1
1;585;0
1;584;1
1;583;1
1;582;1
1;581;1
1;580;0
1;579;0
1;578;0
1;577;0
1;576;1
1;575;1
1;574;0
1;573;0
1;572;0
1;571;0
1;570;0
1;569;0
1;568;0
1;567;1
1;566;0
1;565;0
1;564;0
1;563;0
1;562;0
1;561;0
1;560;0
1;559;1
1;558;0
1;557;0
1;556;0
1;555;0
1;554;0
1;553;0
1;552;0
1;551;1
1;550;0
1;549;0
1;548;0
1;547;0
1;546;0
1;545;0
1;544;0
1;543;1
1;542;0
1;541;0
1;540;0
1;539;0
1;538;0
1;537;0
1;536;0
1;535;1
1;534;0
1;533;0
1;532;0
1;531;0
1;530;0
1;529;0
1;528;0
1;527;1
1;526;0
1;525;0
1;524;0
1;523;0
1;522;0
1;521;0
1;520;0
1;519;1
1;518;0
1;517;0
1;516;0
1;515;0
1;514;0
1;513;0
1;512;0
1;511;1
1;510;0
1;509;0
1;508;0
1;507;0
1;506;0
1;505;0
1;504;0
1;503;1
1;502;0
1;501;0
1;500;0
1;499;0
1;498;0
1;497;0
1;496;0
1;495;1
1;494;0
1;493;0
1;492;0
1;491;0
1;490;0
1;489;0
1;488;0
1;487;1
1;486;0
1;485;0
1;484;0
1;483;0
1;482;0
1;481;0
1;480;0
1;479;1
1;478;0
1;477;0
1;476;0
1;475;0
1;474;0
1;473;0
1;472;0
1;471;1
1;470;0
1;469;0
1;468;0
1;467;0
1;466;0
1;465;0
1;464;0
1;463;1
1;462;0
1;461;0
1;460;0
1;459;0
1;458;0
1;457;0
1;456;0
1;455;1
1;454;0
1;453;0
1;452;0
1;451;0
1;450;0
1;449;0
1;448;0
1;447;1
1;446;0
1;445;0
1;444;0
1;443;0
1;442;0
1;441;0
1;440;0
1;439;1
1;438;0
1;437;0
1;436;0
1;435;0
1;434;0
1;433;0
1;432;0
1;431;1
1;430;0
1;429;0
1;428;0
1;427;0
1;426;0
1;425;0
1;424;0
1;423;1
1;422;0
1;421;0
1;420;0
1;419;0
1;418;0
1;417;0
1;416;0
1;415;1
1;414;0
1;413;0
1;412;0
1;411;0
1;410;0
1;409;0
1;408;0
1;407;1
1;406;0
1;405;0
1;404;0
1;403;0
1;402;0
1;401;0
1;400;0
1;399;1
1;398;0
1;397;0
1;396;0
1;395;0
1;394;0
1;393;0
1;392;0
1;391;1
1;390;0
1;389;0
1;388;0
1;387;0
1;386;0
1;385;0
1;384;0
1;383;1
1;382;0
1;381;0
1;380;0
1;379;0
1;378;0
1;377;0
1;376;0
1;375;1
1;374;0
1;373;0
1;372;0
1;371;0
1;370;0
1;369;0
1;368;0
1;367;1
1;366;0
1;365;0
1;364;0
1;363;0
1;362;0
1;361;0
1;360;0
1;359;1
1;358;0
1;357;0
1;356;0
1;355;0
1;354;0
1;353;0
1;352;0
1;351;1
1;350;0
1;349;0
1;348;0
1;347;0
1;346;0
1;345;0
1;344;0
1;343;1
1;342;0
1;341;0
1;340;0
1;339;0
1;338;0
1;337;0
1;336;0
1;335;1
1;334;0
1;333;0
1;332;0
1;331;0
1;330;0
1;329;0
1;328;0
1;327;1
1;326;0
1;325;0
1;324;0
1;323;0
1;322;0
1;321;0
1;320;0
1;319;1
1;318;0
1;317;0
1;316;0
1;315;0
1;314;0
1;313;0
1;312;0
1;311;1
1;310;0
1;309;0
1;308;0
1;307;0
1;306;0
1;305;0
1;304;0
1;303;1
1;302;0
1;301;0
1;300;0
1;299;0
1;298;0
1;297;0
1;296;0
1;295;1
1;294;0
1;293;0
1;292;0
1;291;0
1;290;0
1;289;0
1;288;0
1;287;1
1;286;0
1;285;0
1;284;0
1;283;0
1;282;0
1;281;0
1;280;0
1;279;1
1;278;0
1;277;0
1;276;0
1;275;0
1;274;0
1;273;0
1;272;0
1;271;1
1;270;0
1;269;0
1;268;0
1;267;0
1;266;0
1;265;0
1;264;0
1;263;1
1;262;0
1;261;0
1;260;0
1;259;0
1;258;0
1;257;0
1;256;0
1;255;1
1;254;0
1;253;0
1;252;0
1;251;0
1;250;0
1;249;0
1;248;0
1;247;1
1;246;0
1;245;0
1;244;0
1;243;0
1;242;0
1;241;0
1;240;0
1;239;1
1;238;0
1;237;0
1;236;0
1;235;0
1;234;0
1;233;0
1;232;0
1;231;1
1;230;0
1;229;0
1;228;0
1;227;0
1;226;0
1;225;0
1;224;0
1;223;1
1;222;0
1;221;0
1;220;0
1;219;0
1;218;0
1;217;0
1;216;0
1;215;1
1;214;0
1;213;0
1;212;0
1;211;0
1;210;0
1;209;0
1;208;0
1;207;1
1;206;0
1;205;0
1;204;0
1;203;0
1;202;0
1;201;0
1;200;0
1;199;1
1;198;0
1;197;0
1;196;0
1;195;0
1;194;0
1;193;0
1;192;0
1;191;1
1;190;0
1;189;0
1;188;0
1;187;0
1;186;0
1;185;0
1;184;0
1;183;1
1;182;0
1;181;0
1;180;0
1;179;0
1;178;0
1;177;0
1;176;0
1;175;1
1;174;0
1;173;0
1;172;0
1;171;0
1;170;0
1;169;0
1;168;0
1;167;1
1;166;0
1;165;0
1;164;0
1;163;0
1;162;0
1;161;0
1;160;0
1;159;1
1;158;0
1;157;0
1;156;0
1;155;0
1;154;0
1;153;0
1;152;0
1;151;1
1;150;0
1;149;0
1;148;0
1;147;0
1;146;0
1;145;0
1;144;0
1;143;1
1;142;0
1;141;0
1;140;0
1;139;0
1;138;0
1;137;0
1;136;0
1;135;1
1;134;0
1;133;0
1;132;0
1;131;0
1;130;0
1;129;0
1;128;0
1;127;1
1;126;0
1;125;0
1;124;0
1;123;0
1;122;0
1;121;0
1;120;0
1;119;1
1;118;0
1;117;0
1;116;0
1;115;0
1;114;0
1;113;0
1;112;0
1;111;1
1;110;0
1;109;0
1;108;0
1;107;0
1;106;0
1;105;0
1;104;0
1;103;1
1;102;0
1;101;0
1;100;0
1;99;0
1;98;0
1;97;0
1;96;0
1;95;1
1;94;0
1;93;0
1;92;0
1;91;0
1;90;0
1;89;0
1;88;0
1;87;1
1;86;0
1;85;0
1;84;0
1;83;0
1;82;0
1;81;0
1;80;0
1;79;1
1;78;0
1;77;0
1;76;0
1;75;0
1;74;0
1;73;0
1;72;0
1;71;1
1;70;0
1;69;0
1;68;0
1;67;0
1;66;0
1;65;0
1;64;0
1;63;0
1;62;0
1;61;0
1;60;0
1;59;0
1;58;0
1;57;0
1;56;0
1;55;0
1;54;0
1;53;0
1;52;0
1;51;0
1;50;0
1;49;0
1;48;0
1;47;0
1;46;0
1;45;0
1;44;0
1;43;0
1;42;0
1;41;0
1;40;0
1;39;0
1;38;0
1;37;0
1;36;0
1;35;0
1;34;0
1;33;0
1;32;0
1;31;0
1;30;0
1;29;0
1;28;0
1;27;0
1;26;0
1;25;0
1;24;0
1;23;0
1;22;0
1;21;0
1;20;0
1;19;0
1;18;0
1;17;0
1;16;0
1;15;0
1;14;0
1;13;0
1;12;0
1;11;0
1;10;0
1;9;0
1;8;0
1;7;0
1;6;0
1;5;0
1;4;0
1;3;0
1;2;0
1;1;0
1;0;0
0;871;1
0;870;0
0;869;1
0;868;0
0;867;1
0;866;1
0;865;1
0;864;0
0;863;0
0;862;0
0;861;0
0;860;1
0;859;1
0;858;0
0;857;1
0;856;0
0;855;1
0;854;0
0;853;1
0;852;0
0;851;0
0;850;1
0;849;1
0;848;1
0;847;0
0;846;0
0;845;1
0;844;0
0;843;0
0;842;1
0;841;0
0;840;1
0;839;1
0;838;0
0;837;0
0;836;0
0;835;1
0;834;0
0;833;0
0;832;1
0;831;0
0;830;1
0;829;1
0;828;0
0;827;0
0;826;1
0;825;0
0;824;0
0;823;0
0;822;0
0;821;0
0;820;1
0;819;1
0;818;1
0;817;0
0;816;0
0;815;0
0;814;0
0;813;0
0;812;0
0;811;0
0;810;0
0;809;1
0;808;1
0;807;1
0;806;1
0;805;1
0;804;1
0;803;1
0;802;1
0;801;1
0;800;1
0;799;1
0;798;1
0;797;1
0;796;1
0;795;1
0;794;1
0;793;1
0;792;1
0;791;1
0;790;1
0;789;1
0;788;1
0;787;1
0;786;1
0;785;1
0;784;1
0;783;1
0;782;1
0;781;1
0;780;1
0;779;1
0;778;1
0;777;1
0;776;1
0;775;1
0;774;1
0;773;1
0;772;1
0;771;1
0;770;1
0;769;1
0;768;1
0;767;1
0;766;1
0;765;1
0;764;1
0;763;1
0;762;1
0;761;1
0;760;1
0;759;1
0;758;1
0;757;1
0;756;1
0;755;1
0;754;1
0;753;1
0;752;1
0;751;1
0;750;1
0;749;1
0;748;1
0;747;1
0;746;1
0;745;1
0;744;1
0;743;1
0;742;1
0;741;1
0;740;1
0;739;1
0;738;1
0;737;1
0;736;1
0;735;1
0;734;1
0;733;1
0;732;1
0;731;1
0;730;1
0;729;1
0;728;1
0;727;1
0;726;1
0;725;1
0;724;1
0;723;1
0;722;1
0;721;1
0;720;1
0;719;1
0;718;1
0;717;1
0;716;1
0;715;1
0;714;1
0;713;1
0;712;1
0;711;1
0;710;1
0;709;1
0;708;1
0;707;1
0;706;1
0;705;1
0;704;1
0;703;1
0;702;1
0;701;1
0;700;1
0;699;1
0;698;1
0;697;1
0;696;1
0;695;1
0;694;1
0;693;1
0;692;1
0;691;1
0;690;1
0;689;1
0;688;1
0;687;1
0;686;1
0;685;1
0;684;1
0;683;1
0;682;1
0;681;1
0;680;1
0;679;1
0;678;1
0;677;1
0;676;1
0;675;1
0;674;1
0;673;1
0;672;1
0;671;1
0;670;1
0;669;1
0;668;1
0;667;1
0;666;1
0;665;1
0;664;1
0;663;1
0;662;1
0;661;1
0;660;1
0;659;1
0;658;1
0;657;1
0;656;1
0;655;1
0;654;1
0;653;1
0;652;1
0;651;1
0;650;1
0;649;1
0;648;1
0;647;1
0;646;1
0;645;1
0;644;1
0;643;1
0;642;1
0;641;1
0;640;1
0;639;1
0;638;1
0;637;1
0;636;1
0;635;1
0;634;1
0;633;1
0;632;1
0;631;1
0;630;1
0;629;1
0;628;1
0;627;1
0;626;1
0;625;1
0;624;1
0;623;1
0;622;1
0;621;1
0;620;1
0;619;1
0;618;1
0;617;1
0;616;1
0;615;1
0;614;1
0;613;1
0;612;0
0;611;1
0;610;1
0;609;0
0;608;0
0;607;1
0;606;1
0;605;1
0;604;0
0;603;1
0;602;1
0;601;1
0;600;0
0;599;0
0;598;1
0;597;1
0;596;0
0;595;1
0;594;1
0;593;1
0;592;0
0;591;0
0;590;1
0;589;1
0;588;0
0;587;1
0;586;1
0;585;0
0;584;1
0;583;1
0;582;1
0;581;1
0;580;0
0;579;0
0;578;0
0;577;0
0;576;1
0;575;1
0;574;0
0;573;0
0;572;0
0;571;0
0;570;0
0;569;0
0;568;0
0;567;1
0;566;0
0;565;0
0;564;0
0;563;0
0;562;0
0;561;0
0;560;0
0;559;1
0;558;0
0;557;0
0;556;0
0;555;0
0;554;0
0;553;0
0;552;0
0;551;1
0;550;0
0;549;0
0;548;0
0;547;0
0;546;0
0;545;0
0;544;0
0;543;1
0;542;0
0;541;0
0;540;0
0;539;0
0;538;0
0;537;0
0;536;0
0;535;1
0;534;0
0;533;0
0;532;0
0;531;0
0;530;0
0;529;0
0;528;0
0;527;1
0;526;0
0;525;0
0;524;0
0;523;0
0;522;0
0;521;0
0;520;0
0;519;1
0;518;0
0;517;0
0;516;0
0;515;0
0;514;0
0;513;0
0;512;0
0;511;1
0;510;0
0;509;0
0;508;0
0;507;0
0;506;0
0;505;0
0;504;0
0;503;1
0;502;0
0;501;0
0;500;0
0;499;0
0;498;0
0;497;0
0;496;0
0;495;1
0;494;0
0;493;0
0;492;0
0;491;0
0;490;0
0;489;0
0;488;0
0;487;1
0;486;0
0;485;0
0;484;0
0;483;0
0;482;0
0;481;0
0;480;0
0;479;1
0;478;0
0;477;0
0;476;0
0;475;0
0;474;0
0;473;0
0;472;0
0;471;1
0;470;0
0;469;0
0;468;0
0;467;0
0;466;0
0;465;0
0;464;0
0;463;1
0;462;0
0;461;0
0;460;0
0;459;0
0;458;0
0;457;0
0;456;0
0;455;1
0;454;0
0;453;0
0;452;0
0;451;0
0;450;0
0;449;0
0;448;0
0;447;1
0;446;0
0;445;0
0;444;0
0;443;0
0;442;0
0;441;0
0;440;0
0;439;1
0;438;0
0;437;0
0;436;0
0;435;0
0;434;0
0;433;0
0;432;0
0;431;1
0;430;0
0;429;0
0;428;0
0;427;0
0;426;0
0;425;0
0;424;0
0;423;1
0;422;0
0;421;0
0;420;0
0;419;0
0;418;0
0;417;0
0;416;0
0;415;1
0;414;0
0;413;0
0;412;0
0;411;0
0;410;0
0;409;0
0;408;0
0;407;1
0;406;0
0;405;0
0;404;0
0;403;0
0;402;0
0;401;0
0;400;0
0;399;1
0;398;0
0;397;0
0;396;0
0;395;0
0;394;0
0;393;0
0;392;0
0;391;1
0;390;0
0;389;0
0;388;0
0;387;0
0;386;0
0;385;0
0;384;0
0;383;1
0;382;0
0;381;0
0;380;0
0;379;0
0;378;0
0;377;0
0;376;0
0;375;1
0;374;0
0;373;0
0;372;0
0;371;0
0;370;0
0;369;0
0;368;0
0;367;1
0;366;0
0;365;0
0;364;0
0;363;0
0;362;0
0;361;0
0;360;0
0;359;1
0;358;0
0;357;0
0;356;0
0;355;0
0;354;0
0;353;0
0;352;0
0;351;1
0;350;0
0;349;0
0;348;0
0;347;0
0;346;0
0;345;0
0;344;0
0;343;1
0;342;0
0;341;0
0;340;0
0;339;0
0;338;0
0;337;0
0;336;0
0;335;1
0;334;0
0;333;0
0;332;0
0;331;0
0;330;0
0;329;0
0;328;0
0;327;1
0;326;0
0;325;0
0;324;0
0;323;0
0;322;0
0;321;0
0;320;0
0;319;1
0;318;0
0;317;0
0;316;0
0;315;0
0;314;0
0;313;0
0;312;0
0;311;1
0;310;0
0;309;0
0;308;0
0;307;0
0;306;0
0;305;0
0;304;0
0;303;1
0;302;0
0;301;0
0;300;0
0;299;0
0;298;0
0;297;0
0;296;0
0;295;1
0;294;0
0;293;0
0;292;0
0;291;0
0;290;0
0;289;0
0;288;0
0;287;1
0;286;0
0;285;0
0;284;0
0;283;0
0;282;0
0;281;0
0;280;0
0;279;1
0;278;0
0;277;0
0;276;0
0;275;0
0;274;0
0;273;0
0;272;0
0;271;1
0;270;0
0;269;0
0;268;0
0;267;0
0;266;0
0;265;0
0;264;0
0;263;1
0;262;0
0;261;0
0;260;0
0;259;0
0;258;0
0;257;0
0;256;0
0;255;1
0;254;0
0;253;0
0;252;0
0;251;0
0;250;0
0;249;0
0;248;0
0;247;1
0;246;0
0;245;0
0;244;0
0;243;0
0;242;0
0;241;0
0;240;0
0;239;1
0;238;0
0;237;0
0;236;0
0;235;0
0;234;0
0;233;0
0;232;0
0;231;1
0;230;0
0;229;0
0;228;0
0;227;0
0;226;0
0;225;0
0;224;0
0;223;1
0;222;0
0;221;0
0;220;0
0;219;0
0;218;0
0;217;0
0;216;0
0;215;1
0;214;0
0;213;0
0;212;0
0;211;0
0;210;0
0;209;0
0;208;0
0;207;1
0;206;0
0;205;0
0;204;0
0;203;0
0;202;0
0;201;0
0;200;0
0;199;1
0;198;0
0;197;0
0;196;0
0;195;0
0;194;0
0;193;0
0;192;0
0;191;1
0;190;0
0;189;0
0;188;0
0;187;0
0;186;0
0;185;0
0;184;0
0;183;1
0;182;0
0;181;0
0;180;0
0;179;0
0;178;0
0;177;0
0;176;0
0;175;1
0;174;0
0;173;0
0;172;0
0;171;0
0;170;0
0;169;0
0;168;0
0;167;1
0;166;0
0;165;0
0;164;0
0;163;0
0;162;0
0;161;0
0;160;0
0;159;1
0;158;0
0;157;0
0;156;0
0;155;0
0;154;0
0;153;0
0;152;0
0;151;1
0;150;0
0;149;0
0;148;0
0;147;0
0;146;0
0;145;0
0;144;0
0;143;1
0;142;0
0;141;0
0;140;0
0;139;0
0;138;0
0;137;0
0;136;0
0;135;1
0;134;0
0;133;0
0;132;0
0;131;0
0;130;0
0;129;0
0;128;0
0;127;1
0;126;0
0;125;0
0;124;0
0;123;0
0;122;0
0;121;0
0;120;0
0;119;1
0;118;0
0;117;0
0;116;0
0;115;0
0;114;0
0;113;0
0;112;0
0;111;1
0;110;0
0;109;0
0;108;0
0;107;0
0;106;0
0;105;0
0;104;0
0;103;1
0;102;0
0;101;0
0;100;0
0;99;0
0;98;0
0;97;0
0;96;0
0;95;1
0;94;0
0;93;0
0;92;0
0;91;0
0;90;0
0;89;0
0;88;0
0;87;1
0;86;0
0;85;0
0;84;0
0;83;0
0;82;0
0;81;0
0;80;0
0;79;1
0;78;0
0;77;0
0;76;0
0;75;0
0;74;0
0;73;0
0;72;0
0;71;1
0;70;0
0;69;0
0;68;0
0;67;0
0;66;0
0;65;0
0;64;0
0;63;0
0;62;0
0;61;0
0;60;0
0;59;0
0;58;0
0;57;0
0;56;0
0;55;0
0;54;0
0;53;0
0;52;0
0;51;0
0;50;0
0;49;0
0;48;0
0;47;0
0;46;0
0;45;0
0;44;0
0;43;0
0;42;0
0;41;0
0;40;0
0;39;0
0;38;0
0;37;0
0;36;0
0;35;0
0;34;0
0;33;0
0;32;0
0;31;0
0;30;0
0;29;0
0;28;0
0;27;0
0;26;0
0;25;0
0;24;0
0;23;0
0;22;0
0;21;0
0;20;0
0;19;0
0;18;0
0;17;0
0;16;0
0;15;0
0;14;0
0;13;0
0;12;0
0;11;0
0;10;0
0;9;0
0;8;0
0;7;0
0;6;0
0;5;0
0;4;0
0;3;0
0;2;0
0;1;0
0;0;0
